{"bids":[[0.14860000,84.14200000],[0.14850000,38.83300000],[0.14840000,20.63800000],[0.14830000,53.22400000],[0.14820000,20.84800000],[0.14810000,59.70100000],[0.14800000,88.76900000],[0.14790000,22.67400000],[0.14780000,85.14500000],[0.14770000,16.96800000],[0.14760000,9.72500000],[0.14750000,91.69400000],[0.14740000,42.34900000],[0.14730000,55.28600000],[0.14720000,56.91200000],[0.14710000,245.58400000],[0.14700000,44.81000000],[0.14690000,20.41300000],[0.14680000,29.02400000],[0.14670000,16.07600000]],"asks":[[0.14870000,0.87500000],[0.14880000,77.45800000],[0.14890000,76.34900000],[0.14900000,1335.13000000],[0.14910000,48.61600000],[0.14920000,24.09100000],[0.14930000,53.82600000],[0.14940000,20.83000000],[0.14950000,31.41200000],[0.14960000,47.43700000],[0.14970000,31.19500000],[0.14980000,41.83100000],[0.14990000,17.07200000],[0.15000000,60.33900000],[0.15010000,35.75100000],[0.15020000,15.40400000],[0.15030000,28.78500000],[0.15040000,13.14000000],[0.15050000,21.75200000],[0.15060000,24.88800000]],"isFrozen":"0","seq":1642493881}