{"bids":[[0.07575200,8.73490000],[0.07575100,1.75000000],[0.07574800,19.55000000],[0.07574700,0.02930000],[0.07573900,1.14800000],[0.07573800,3.27940000],[0.07573700,8.97000000],[0.07573300,0.62630000],[0.07573000,0.01790000],[0.07572800,0.11840000],[0.07572600,8.61850000],[0.07572500,1.91830000],[0.07572400,2.27810000],[0.07572300,14.61570000],[0.07572200,7.67730000],[0.07572000,1.14730000],[0.07571900,1.03760000],[0.07571800,0.11000000],[0.07571700,0.00660000],[0.07571600,0.96510000]],"asks":[[0.07575600,0.22500000],[0.07576200,4.43270000],[0.07576400,0.01640000],[0.07576700,0.51550000],[0.07576800,0.31140000],[0.07578400,1.43670000],[0.07578500,1.79680000],[0.07578600,0.50870000],[0.07579200,8.87450000],[0.07579300,5.70000000],[0.07579400,9.57180000],[0.07580100,0.11560000],[0.07580800,0.11440000],[0.07580900,0.54350000],[0.07581000,5.54560000],[0.07581100,2.63900000],[0.07581200,1.97950000],[0.07581300,0.73250000],[0.07581400,0.62610000],[0.07581500,0.73230000]],"isFrozen":"0","seq":1642493882}