{"bids":[[0.00002161,29135.00000000],[0.00002160,123889.00000000],[0.00002159,166831.00000000],[0.00002158,118193.00000000],[0.00002157,113711.00000000],[0.00002156,19438.00000000],[0.00002155,265.00000000],[0.00002154,105758.00000000],[0.00002153,14632.00000000],[0.00002152,108555.00000000],[0.00002151,5834.00000000],[0.00002150,305231.00000000],[0.00002149,317946.00000000],[0.00002148,1821.00000000],[0.00002147,3415.00000000],[0.00002146,2251.00000000],[0.00002145,602.00000000],[0.00002144,37957.00000000],[0.00002142,1000.00000000],[0.00002141,5425.00000000]],"asks":[[0.00002163,200258.00000000],[0.00002164,140327.00000000],[0.00002165,63776.00000000],[0.00002166,109921.00000000],[0.00002167,144479.00000000],[0.00002170,100000.00000000],[0.00002171,253.00000000],[0.00002174,3531.00000000],[0.00002178,265.00000000],[0.00002179,301.00000000],[0.00002181,2664.00000000],[0.00002182,64077.00000000],[0.00002183,781.00000000],[0.00002184,1660.00000000],[0.00002185,197600.00000000],[0.00002186,226883.00000000],[0.00002187,3140.00000000],[0.00002189,916.00000000],[0.00002190,12878.00000000],[0.00002191,4046.00000000]],"isFrozen":"0","seq":1642493883}