{"bids":[[0.00000163,5203264.00000000],[0.00000162,5798238.00000000],[0.00000161,5408611.00000000],[0.00000160,2198260.00000000],[0.00000159,4763884.00000000],[0.00000158,1686902.00000000],[0.00000157,1807437.00000000],[0.00000156,2852830.00000000],[0.00000155,1707669.00000000],[0.00000154,907200.00000000],[0.00000153,1765225.00000000],[0.00000152,727739.00000000],[0.00000151,1214570.00000000],[0.00000150,3244871.00000000],[0.00000149,1204333.00000000],[0.00000148,731325.00000000],[0.00000147,879263.00000000],[0.00000146,753388.00000000],[0.00000145,744881.00000000],[0.00000144,736033.00000000]],"asks":[[0.00000164,1846123.00000000],[0.00000165,3922388.00000000],[0.00000166,3001888.00000000],[0.00000167,3643347.00000000],[0.00000168,3971160.00000000],[0.00000169,744142.00000000],[0.00000170,1370834.00000000],[0.00000171,1121409.00000000],[0.00000172,1817042.00000000],[0.00000173,1027837.00000000],[0.00000174,1330718.00000000],[0.00000175,1134991.00000000],[0.00000176,422913.00000000],[0.00000177,431600.00000000],[0.00000178,1282665.00000000],[0.00000179,1250389.00000000],[0.00000180,774177.00000000],[0.00000181,115744.00000000],[0.00000182,732933.00000000],[0.00000183,1166648.00000000]],"isFrozen":"0","seq":1642493883}